{"song_time": [22.15657639503479, 22.193533420562744, 31.92780828475952, 19.54995632171631, 16.9428653717041, 14.89795708656311, 23.36419653892517, 17.333919048309326, 21.232710123062134, 17.8750319480896, 20.08845090866089, 20.505202531814575, 21.045650482177734, 25.3824942111969, 19.22031259536743, 25.14116883277893, 26.373836994171143, 17.95224666595459, 24.632129192352295, 22.872940063476562, 18.909109115600586, 23.45732831954956, 17.696035146713257, 19.6449134349823, 21.48639941215515, 20.14349365234375, 18.929306983947754, 17.5115327835083, 20.62809991836548, 26.35112738609314, 20.624415159225464, 21.29854154586792, 19.991357803344727, 20.77635097503662, 15.483854293823242, 21.372031688690186, 21.510165691375732, 26.04141879081726, 18.135209560394287, 18.571840286254883, 23.6661434173584, 22.40087866783142, 23.71457076072693, 19.199822187423706, 14.656707763671875, 18.02313542366028, 23.298468351364136, 16.629225969314575, 21.779688596725464, 23.35808539390564], "words_len_list": [1500, 1466, 2122, 1273, 1150, 1075, 1595, 1141, 1483, 1272, 1461, 1434, 1464, 1719, 1339, 1702, 1874, 1241, 1691, 1619, 1302, 1605, 1169, 1335, 1458, 1436, 1330, 1128, 1466, 1842, 1373, 1399, 1365, 1350, 1051, 1376, 1455, 1825, 1188, 1175, 1585, 1490, 1679, 1349, 1039, 1304, 1666, 1153, 1447, 1545], "ave token time:": 68.362798469141, "ave song time": 20.919564909934998}