{"song_time": [400.5098271369934, 377.5159821510315, 141.5237319469452, 141.3457088470459, 140.7412805557251, 146.80897665023804, 149.34970378875732, 180.57227396965027, 187.8685564994812, 190.16119360923767, 186.2575488090515, 184.2108030319214, 182.1258454322815, 179.762943983078, 185.42160320281982, 185.23676824569702, 188.1896812915802, 191.02102065086365, 186.58602023124695, 179.87972950935364], "words_len_list": [7680, 7680, 7680, 7680, 7680, 7680, 7680, 7680, 7680, 7680, 7680, 7680, 7680, 7680, 7680, 7680, 7680, 7680, 7680, 7680], "ave token time:": 39.33328847340423, "ave song time": 195.25445997714996}